Scientific Name,Common Name,Habit,Family
Abies concolor,California White Fir,T,Pinaceae
Abies magnifica,Red Fir,T,Pinaceae
Abronia spp.,Sand-verbena,PH,Nyctaginaceae
Acacia dealbata,Silver Wattle,S/T,Fabaceae
Acer glabrum,Rocky Mountain Maple,S,Sapindaceae
Acer macrophyllum,Bigleaf Maple,T,Sapindaceae
Acer negundo,Box Elder,S/T,Sapindaceae
Achillea millefolium,White Yarrow,PH,Asteraceae
Achyrachaena mollis,Blow-Wives,AH,Asteraceae
Acmispon  spp.,Lotus or Hosackia species,AH/PH,Fabaceae
Aconitum columbianum,Monkshood,PH,Ranunculaceae
Acourtia microcephala,Sacapellote,PH,Asteraceae
Adenostoma fasciculatum,Chamise,S,Rosaceae
Adiantum aleuticum,Five-finger Maidenhair,PF,Pteridaceae
Adiantum jordanii,California Maidenhair,PF,Pteridaceae
Aegilops spp.,Goatgrass,AG,Poaceae
Aesculus californica,California Buckeye,S/T,Sapindaceae
Agave deserti,Desert Agave,P,Agavaceae
Agoseris retrorsa,Spear-leaved Mountain Dandelion,PH,Asteraceae
Ailanthus altissima,Tree of Heaven,T,Simaroubaceae
Allenrolfea occidentalis,Iodine Bush,S,Chenopodiaceae
Allium spp.,Onions,PG,Alliaceae
Allophyllum glutinosum,Sticky Allophyllum,AH,Polemoniaceae
Alnus rhombifolia,White Alder,T,Betulaceae
Amaranthus spp.,"Amaranths, Pigweeds",AH,Amaranthaceae
Ambrosia acanthicarpa,"Burweed, Annual Bur-sage",AH,Asteraceae
Ambrosia chamissonis,Beach Bur,PH/S,Asteraceae
Ambrosia psilostachya var. californica,Western Ragweed,BH,Asteraceae
Ambrosia salsola,Burrobrush,S,Asteraceae
Ammophila arenaria,European Beachgrass,PG,Poaceae
Amorpha californica,California False Indigo,S,Fabaceae
Amsinckia spp.,Fiddlenecks,AH,Boraginaceae
Anemopsis californica,Yerba Mansa,PH,Saururaceae
Antirrhinum multiflorum,Sticky Snapdragon,S,Plantaginaceae
Apiastrum angustifolium,"Wild Celery, Mock Parsley",AH,Apiaceae
Apium graveolens,Celery,PH,Apiaceae
Apocynum androsaemifolium,Bitter Dogbane,PH,Apocynaceae
Apocynum cannabinum,Indian Hemp,PH,Apocynaceae
Aquilegia formosa,Western Columbine,PH,Ranunculaceae
Arbutus menziesii,Pacific Madrone,T,Ericaceae
Arceuthobium campylopodum,Western Dwarf Mistletoe,PH,Viscaceae
Arctostaphylos spp.,Manzanitas,S,Ericaceae
Argemone munita,"Prickly Poppy, Chicalote",AH,Papaveraceae
Artemisia californica,California Sagebrush,S,Asteraceae
Artemisia douglasiana,Mugwort,PH,Asteraceae
Artemisia dracunculus,"Tarragon, Dragon Tarragon",PH,Asteraceae
Artemisia tridentata,Great Basin Sagebrush,S,Asteraceae
Arundo donax,Giant Reed,PG,Poaceae
Asclepias spp.,Milkweeds,PH,Apocynaceae
Aspidotis densa,Lace Fern,PF,Pteridaceae
Astragalus spp.,"Milkvetches, Locoweeds,",AH,Fabaceae
Athyrium filix-femina,Lady Fern,PF,Woodsiaceae
Athysanus pusillus,Athysanus,AH,Brassicaceae
Atriplex canescens,Fourwing or Hoary Saltbush,S,Chenopodiaceae
Atriplex semibaccata,Australian Saltbush,PH,Chenopodiaceae
Avena spp.,Oats,AG,Poaceae
Azolla filiculoides,Duckweed Fern,AF,Azollaceae
Baccharis pilularis,Coyote Brush,S,Asteraceae
Baccharis salicifolia,"Mulefat, Seep-willow, Water-wally",S,Asteraceae
Barbarea orthoceras,American Rocket,PH,Brassicaceae
Berberis aquifolium,Oregon-grape,S,Berberidaceae
Blennosperma nanum,Common Stickyseed,AH,Asteraceae
Bloomeria crocea,Goldenstars,PG,Themidaceae
Boechera spp.,Rock Cresses,PH,Brassicaceae
Bolboschoenus maritimus var. paludosus,Saltmarsh Bulrush,PG,Cyperaceae
Brassica nigra,Black Mustard,AH,Brassicaceae
Brickellia californica,California Brickellbush,S,Asteraceae
Briza spp.,Quaking Grasses,AG,Poaceae
Brodiaea spp.,Brodiaeas,PG,Themidaceae
Bromus carinatus,California Brome,PG,Poaceae
Bromus diandrus,Ripgut Grass,AG,Poaceae
Bromus hordeaceus,Soft Chess,AG,Poaceae
Bromus madritensis ssp. rubens,Red Brome,AG,Poaceae
Bromus tectorum,"Downy Brome, Cheat Grass",AG,Poaceae
Cakile maritima,Sea Rocket,AH,Brassicaceae
Calandrinia ciliata,Redmaids,AH,Montiaceae
Calocedrus decurrens,Incense-cedar,T,Cupressaceae
Calochortus spp.,Mariposa Lilies,PG,Liliaceae
Calycanthus occidentalis,Spicebush,S,Calycanthaceae
Calyptridium monandrum,"Common Calyptridium, Sand Cress",AH,Montiaceae
Calyptridium umbellatum,Pussy Paws,AH,Montiaceae
Calystegia spp.,Morning-glorys,PV,Convolvulaceae
Camissonia campestris,Mojave Sun-cup,AH,Onagraceae
Camissoniopsis cheiranthifolia,Beach Primrose,PH,Onagraceae
Camissoniopsis hirtella,Small-haired Primrose,AH,Onagraceae
Capsella bursa-pastoris,Shepherd's Purse,AH,Brassicaceae
Carduus pycnocephalus,Italian Thistle,AH,Asteraceae
Carex spp.,Sedges,PG,Cyperaceae
Carpobrotus spp.,Sea Fig & Hottentot Fig,PH/S,Aizoaceae
Castilleja affinis,Lay-and-Collie’s Indian Paintbrush,PH,Orobanchaceae
Castilleja applegatei ssp. martinii,Martin Indian Paintbrush,PH,Orobanchaceae
Castilleja exserta,Purple Owl’s Clover,AH,Orobanchaceae
Castilleja miniata,Great Red Paintbrush,PH,Orobanchaceae
Castilleja subinclusa,Long-leaved Indian Paintbrush,PH,Orobanchaceae
Caulanthus inflatus,Desert Candle,AH,Brassicaceae
Ceanothus spp.,Ceanothus,S,Rhamnaceae
Centaurea melitensis,"Tocalote, Napa Thistle",AH,Asteraceae
Centaurea solstitialis,Yellow Star-thistle,AH,Asteraceae
Centromadia pungens,Common Spikeweed,AH,Asteraceae
Cephalanthus occidentalis,Button Willow,S,Rubiaceae
Cercis occidentalis,Western Redbud,S/T,Fabaceae
Cercocarpus betuloides,Birchleaf Mountain Mahogany,S,Rosaceae
Cercocarpus ledifolius,Curl Leaf Mountain Mahogany,S,Rosaceae
Chaenactis ssp.,Douglas' Dustymaiden,A/PH,Asteraceae
Chamaebatia foliolosa,Mountain Misery,S,Rosaceae
Chamaesyce  albomarginata,Rattlesnake Spurge,AH,Euphorbiaceae
Chamerion  angustifolium,Fireweed,PH,Onagraceae
Chenopodium album,"Lamb’s Quarters, Pigweed",AH,Chenopodiaceae
Chenopodium californicum,"California Goosefoot, Soap Plant",PH,Chenopodiaceae
Chenopodium murale,Nettle-leaved Goosefoot,AH,Chenopodiaceae
Chlorogalum pomeridianum,Soap Lily/Plant,PG,Agavaceae
Chrysolepis chrysophylla,Giant Chinquapin,T,Fagaceae
Chrysolepis sempervirens,Bush Chinquapin,S,Fagaceae
Cirsium arvense,Canada Thistle,BH,Asteraceae
Cirsium occidentale,California Thistle,BH,Asteraceae
Cirsium vulgare,Bull Thistle,BH,Asteraceae
Clarkia spp.,Clarkia,AH,Onagraceae
Claytonia parviflora,Small-flowered Miner's Lettuce,AH,Montiaceae
Claytonia perfoliata,Miner's Lettuce,AH,Montiaceae
Clematis lasiantha,Pipestem Clematis,PV,Ranunculaceae
Clematis ligusticifolia,"Virgin’s Bower, Old Man’s Beard",PV,Ranunculaceae
Collinsia heterophylla,Chinese Houses,AH,Plantaginaceae
Collomia grandiflora,Large-flowered Collomia,AH,Plantaginaceae
Conium maculatum,Poison-hemlock,AH,Apiaceae
Convolvulus arvensis,Bindweed,PV,Convolvulaceae
Conyza  canadensis,Common Horseweed,AH,Asteraceae
Corallorhiza maculata,Spotted Coralroot,PH,Orchidaceae
Cordylanthus rigidus,Rigid Birds-beak,AH,Orobanchaceae
Corethrogyne filaginifolia,California Cudweed-aster,PH,Asteraceae
Cornus nuttallii,Western Dogwood,T,Cornaceae
Cornus sericea,Creek Dogwood,S,Cornaceae
Corylus cornuta,Beaked Hazelnut,S,Betulaceae
Crassula connata,Pygmy [Sand-]Weed,AH,Crassulaceae
Croton californicus,California Croton,PH,Euphorbiaceae
Cryptantha spp.,Forget-Me-Nots,AH,Boraginaceae
Cucurbita foetidissima,Calabazilla,PV,Cucurbitaceae
Cuscuta californica,California Dodder,AV,Convolvulaceae
Cylindropuntia bigelovii,Teddybear Cholla,S,Cactaceae
Cynara cardunculus,Artichoke Thistle,PH,Asteraceae
Cynodon dactylon,Bermuda Grass,PG,Poaceae
Cynoglossum grande,Hound's Tongue,PH,Boraginaceae
Cyperus eragrostis,Umbrella-sedge,PG,Cyperaceae
Cytisus scoparius,Scotch Broom,S,Fabaceae
Darlingtonia californica,California Pitcher Plant,PH,Sarraceniaceae
Datisca glomerata,Durango Root,PH,Datiscaceae
Datura wrightii,Jimson Weed,AH,Solanaceae
Daucus pusillus,Southwestern Carrot,AH,Apiaceae
Deinandra fasciculata,Fasciculed Tarplant,AH,Asteraceae
Delphinium cardinale,Scarlet or Cardinal Larkspur,PH,Ranunculaceae
Delphinium nudicaule,Canyon Larkspur,PH,Ranunculaceae
Delphinium parishii,Pale-flowered Larkspur,PH,Ranunculaceae
Delphinium parryi,Parry Larkspur,PH,Ranunculaceae
Dendromecon rigida,Bush Poppy,S,Papaveraceae
Dicentra formosa,Bleeding Heart,PH,Papaveraceae
Dichelostemma capitatum,Blue Dicks,PG,Themidaceae
Diplacus  aurantiacus,Bush Monkeyflower,S,Phrymaceae
Diplacus  calycinus,Fuzzy Bush Monkeyflower,S,Phrymaceae
Diplacus  longiflorus,Sticky Bush Monkeyflower,S,Phrymaceae
Dipsacus fullonum & sativus,Teasel,BH,Dipsacaceae
Distichlis spicata,Saltgrass,PG,Poaceae
Dittrichia graveolens,Stinkwort,PH,Asteraceae
Drymocallis glandulosa,Sticky Cinquifoil,PH,Rosaceae
Dryopteris arguta,Coastal or Marginal Wood Fern,PF,Dryopteridaceae
Dudleya cymosa,Canyon Live-forever,PH,Crassulaceae
Dudleya pulverulenta,Chalky Live-forever,PH,Crassulaceae
Ehrendorferia chrysantha,Golden Eardrops,PH,Fumariaceae
Eleocharis macrostachya,Common Spikerush,PG,Cyperaceae
Eleocharis parishii,Parish Spikerush,PG,Cyperaceae
Elymus caput-medusae,Medusa Head,PG,Poaceae
Elymus condensatus,Giant Wildrye,PG,Poaceae
Elymus elymoides,Bottlebrush Squirreltail,PG,Poaceae
Elymus glaucus,Blue or Woodland Wildrye,PG,Poaceae
Elymus triticoides,Creeping Wildrye,PG,Poaceae
Emmenanthe penduliflora,Whispering Bells,AH,Boraginaceae
Encelia californica,California Bush Sunflower,S,Asteraceae
Ephedra viridis,Green Ephedra or Mormon-tea,S,Ephedraceae
Epilobium canum,California Fuchsia,PH,Onagraceae
Epilobium ciliatum,Northern Willow-herb,AH,Onagraceae
Epipactis gigantea,Stream Orchid,PH,Orchidaceae
Equisetum arvense,Common Horsetail Rush,PF,Equisetaceae
Equisetum laevigatum,Smooth Scouring-Rush,PF,Equisetaceae
Eremalche rotundifolia,Desert Five-spot,AH,Malvaceae
Eremocarpus  setiger,"Dove Weed, Turkey Mullein",AH,Euphorbiaceae
Eremothera boothii sspp.,Booth Shreading Primrose,AH,Onagraceae
Eriastrum signatum,Maroon-spotted Woolly Star,AH,Polemoniaceae
Ericameria bloomeri,Bloomer's Goldenbush,S,Asteraceae
Ericameria linearifolia,"Interior Goldenbush, Stenotopsis",S,Asteraceae
Ericameria nauseosa,Rubber Rabbitbrush,S,Asteraceae
Erigeron foliosus,Leafy Fleabane or Daisy,PH,Asteraceae
Eriodictyon californicum,California Yerba Santa,S,Boraginaceae
Eriodictyon crassifolium,Thickleaf Yerba Santa,S,Boraginaceae
Eriogonum spp.,annual buckwheat species,AH,Polygonaceae
Eriogonum cinereum,Ash or Gray Coast Buckwheat,S,Polygonaceae
Eriogonum elongatum,Long-stemmed Buckwheat,PH,Polygonaceae
Eriogonum fasciculatum,Leafy California Buckwheat,S,Polygonaceae
Eriogonum nudum,Barestem Buckwheat,PH,Polygonaceae
Eriogonum parvifolium,Dune Buckwheat,S,Polygonaceae
Eriogonum umbellatum,Munz Yellow Buckwheat,S,Polygonaceae
Eriophyllum confertiflorum,Golden Yarrow,PH,Asteraceae
Eriophyllum lanatum,Woolly Sunflower,PH,Asteraceae
Erodium botrys,Broadleaf Filaree,AH,Geraniaceae
Erodium cicutarium,Redstem Filaree,AH,Geraniaceae
Eryngium spp.,Coyote Thistle,PH,Apiaceae
Erysimum capitatum,Western Wallflower,AH/BH,Brassicaceae
Erythranthe guttata ,Common Streamside Monkeyflower,A/PH,Phrymaceae
Erythronium spp.,Fawn Lily,PG,Liliaceae
Eschscholzia californica,California Poppy,AH,Papaveraceae
Eucalyptus camaldulensis,River Red Gum,T,Myrtaceae
Eucalyptus globulus,Tasmanian Blue Gum,T,Myrtaceae
Euphorbia  spp.,Spurges,PH,Euphorbiaceae
Euthamia occidentalis,Western Goldenrod,PH,Asteraceae
Extriplex  californica,California Orach,S,Chenopodiaceae
Festuca arundinacea,Tall Fescue,PG,Poaceae
Festuca californica,California Fescue,PG,Poaceae
Festuca idahoensis,Blue Fescue,PG,Poaceae
Festuca rubra,Red Fescue,PG,Poaceae
Ficus carica,Common Fig,T/S,Moraceae
Foeniculum vulgare,Sweet Fennel,PH,Apiaceae
Frangula californica ssp. tomentella,Hoary Coffeeberry,S,Rhamnaceae
Frankenia salina,Alkali Heath,PH,Frankeniaceae
Fraxinus dipetala,California Flowering Ash,T,Oleaceae
Fraxinus latifolia,Oregon Ash,T,Oleaceae
Fremontodendron californicum,California Flannel Bush,S,Malvaceae
Fritillaria spp.,Fritillaria,PG,Liliaceae
Galium spp.,Bedstraws,S,Rubiaceae
Galium andrewsii,"Pine Mat, Phlox-leaved Bedstraw",PH,Rubiaceae
Galium aparine,Goosegrass,AH,Rubiaceae
Garrya spp.,Silk-tassel Bushes,S,Garryaceae
Gaultheria shallon,Salal,S,Ericaceae
Gayophytum diffusum,Diffuse Gayophytum,AH,Onagraceae
Genista monspessulana,French Broom,S,Fabaceae
Gilia capitata ssp. abrotanifolia,Blue Field Gilia,AH,Polemoniaceae
Gilia ochroleuca,Desert Gilia,AH,Polemoniaceae
Gilia tricolor,Bird's Eye Gilia,AH,Polemoniaceae
Gnaphalium palustre,Lowland Cudweed,AH,Asteraceae
Hazardia squarrosa,Sawtooth Goldenbush,S,Asteraceae
Hedera spp.,Ivy,PV,Araliaceae
Helenium bigelovii,Sneezeweed,PH,Asteraceae
Helianthus annuus,Common Sunflower,AH,Asteraceae
Helminthotheca  echioides,Bristly Ox-tongue,AH,Asteraceae
Heracleum maximum,Cowparsnip,PH,Apiaceae
Hesperocyparis spp.,Cypress,T,Cupressaceae
Hesperoyucca whipplei,Our Lord’s Candle,S,Agavaceae
Heteromeles arbutifolia,"Toyon, Christmas Holly,",S,Rosaceae
Heterotheca grandiflora,Telegraph Weed,PH,Asteraceae
Heterotheca sessiliflora,Hairy Goldenaster,PH,Asteraceae
Heuchera micrantha,Crevice Alumroot,PH,Saxifragaceae
Hirschfeldia incana,Summer Mustard,PH,Brassicaceae
Holocarpha virgata,Common Tarweed,AH,Asteraceae
Holodiscus discolor,Cream Bush,S,Rosaceae
Hordeum marinum,Mediterranean Barley,AG,Poaceae
Hordeum murinum,Summer Barley,AG,Poaceae
Hypericum perforatum,St. John's Wort,PH,Hypericaceae
Ipomopsis aggregata,Scarlet Gilia,PH,Polemoniaceae
Iris douglasiana,Douglas Iris,PG,Iridaceae
Iris macrosiphon,Ground Iris,PG,Iridaceae
Iris missouriensis,Missouri Iris,PG,Iridaceae
Iris pseudacorus,Iris,PG,Iridaceae
Isocoma menziesii,Coastal Goldenbush,S,Asteraceae
Juglans californica,Southern California Black Walnut,T,Juglandaceae
Juglans hindsii,Northern California Black Walnut,T,Juglandaceae
Juncus balticus,Baltic Rush,PG,Juncaceae
Juncus bufonius,Common Toad Rush,AG,Juncaceae
Juncus mexicanus,"Mexican Rush, Wire Grass",PG,Juncaceae
Juncus xiphioides,Iris-leaved Rush,PG,Juncaceae
Juniperus californica,California Juniper,S,Cupressaceae
Juniperus occidentalis,Western Juniper,S,Cupressaceae
Kalmia polifolia,Mountain Laurel,S,Ericaceae
Keckiella spp.,Bush Penstemons,S,Plantaginaceae
Koeleria macrantha,Junegrass,PG,Poaceae
Lactuca serriola,Prickly Wild Lettuce,AH,Asteraceae
Lamarckia aurea,Goldentop,AG,Poaceae
Larrea tridentata,Creosote Bush,S,Zygophyllaceae
Lasthenia spp.,Goldfields,AH,Asteraceae
Lathyrus latifolius,Everlasting Pea,PV,Fabaceae
Lathyrus sulphureus,Snub Pea,PV,Fabaceae
Lathyrus vestitus,Pacific Peavine,PV,Fabaceae
Layia glandulosa,White Layia,AH,Asteraceae
Lepidospartum squamatum,Scalebroom,S,Asteraceae
Leptosiphon aureus,Desert Gold,AH,Polemoniaceae
Leptosiphon parviflorus,Yellow Linanthus,AH,Polemoniaceae
Leptosyne bigelovii,Bigelow Coreopsis,AH,Asteraceae
Lilium humboldtii,Humboldt Lily,PG,Liliaceae
Lilium pardalinum,Leopard Lily,PG,Liliaceae
Limnanthes alba,White Meadowfoam,AH,Limnanthaceae
Linanthus pungens,Granite Prickly Phlox,S,Polemoniaceae
Linaria dalmatica,Dalmatian Toadflax,PH,Linaceae
Lolium multiflorum ,Italian Ryegrass,AG,Poaceae
Lomatium dasycarpum,Hog Fennel,PH,Apiaceae
Lonicera interrupta,Chaparral Honeysuckle,PV,Caprifoliaceae
Lonicera involucrata,Twinberry Honeysuckle,S,Caprifoliaceae
Lonicera subspicata,Southern or San Diego,S,Caprifoliaceae
Lupinus spp.,Lupines,S,Fabaceae
Lysimachia arvensis,Scarlet Pimpernel,AH,Myrsinaceae
Lythrum hyssopifolia,Hyssop Loosestrife,PH,Lythraceae
Lythrum salicaria,Purple Loosestrife,PH,Lythraceae
Madia elegans,Common Tarplant or Madia,AH,Asteraceae
Maianthemum racemosum,False Solomon Seal,PH,Ruscaceae
Malacothamnus spp.,Bushmallows,S,Malvaceae
Malacothrix coulteri,Snake Heads,AH,Asteraceae
Malacothrix saxatilis,Tenuated Cliff-aster,PH,Asteraceae
Malosma laurina,Laurelleaf Sumac,S,Anacardiaceae
Malva parviflora,Cheeseweed,AH,Malvaceae
Marah fabacea,California Man-root,PV,Cucurbitaceae
Marrubium vulgare,White Horehound,S,Lamiaceae
Marsilea vestita,Hairy Waterclover,PF,Marsileaceae
Matricaria discoidea,Pineappleweed,AH,Asteraceae
Medicago polymorpha,Common Burclover,AH,Fabaceae
Melica californica,California Melic Grass,PG,Poaceae
Melica imperfecta,Coast Melic Grass,PG,Poaceae
Melilotus alba,White Sweetclover,A/BH,Fabaceae
Melilotus indica,"Sourclover, Yellow Sweetclover",AH,Fabaceae
Mentzelia laevicaulis,Blazing Star,PH,Loasaceae
Mesembryanthemum nodiflorum,Slenderleaf Iceplant,AH,Aizoaceae
Minuartia douglasii,Douglas Sandwort,AH,Caryophyllaceae
Monardella spp.,Coyote Mint,A/PH,Lamiaceae
Morella  californica,California Myrtle,T/S,Myricaceae
Nasturtium officinale,Water Cress,PH,Brassicaceae
Nemophila maculata,Five Spot,AH,Hydrophyllaceae
Nemophila menziesii,Baby Blue-eyes,AH,Hydrophyllaceae
Nicotiana glauca,Tree Tobacco,S,Solanaceae
Notholithocarpus densiflorus,Tanoak,ST,Fagaceae
Oemleria cerasiformis,Oso Berry,S,Rosaceae
Opuntia basilaris,Beavertail Cactus,S,Cactaceae
Opuntia littoralis,Coastal Prickly Pear,S,Cactaceae
Orobanche fasciculata,Clustered Broom-rape,PH,Orobanchaceae
Oxalis oregana,Redwood Sorrel,PH,Oxalidaceae
Oxalis pes-caprae,Bermuda Buttercup,PH,Oxalidaceae
Pectocarya setosa,Setose Pectocarya,AH,Boraginaceae
Pedicularis densiflora,Indian Warrior,PH,Orobanchaceae
Pellaea andromedifolia,Coffee Fern,PF,Pteridaceae
Pellaea mucronata,Birdsfoot Cliffbrake or Fern,PF,Pteridaceae
Pennisetum setaceum,African Fountain Grass,PG,Poaceae
Penstemon centranthifolius,Scarlet Bugler,PH,Plantaginaceae
Penstemon heterophyllus,Mountain Penstemon,PH,Plantaginaceae
Pentagramma triangularis,Goldenback Fern,PF,Pteridaceae
Peritoma arborea,Bladderpod,S,Cleomaceae
Phacelia spp.,Phacelias,AH,Boraginaceae
Phoradendron leucarpum ssp. tomentosum,Oak or Hairy Mistletoe,PH,Viscaceae
Pickeringia montana,Chaparral Pea,S,Fabaceae
Pinus attenuata,Knobcone Pine,T,Pinaceae
Pinus contorta,"Lodgepole Pine, Beach Pine",T,Pinaceae
Pinus jeffreyi,Jeffrey Pine,T,Pinaceae
Pinus lambertiana,Sugar Pine,T,Pinaceae
Pinus monophylla,Singleleaf Pinyon Pine,T,Pinaceae
Pinus ponderosa,Ponderosa Pine,T,Pinaceae
Pinus radiata,Monterey Pine,T,Pinaceae
Pinus sabiniana,Gray or Foothill Pine,T,Pinaceae
Plantago erecta,California Plantain,AH,Plantaginaceae
Plantago lanceolata,Narrowleaf or English Plantain,PH,Plantaginaceae
Plantago major,Broadleaf Plantain,PH,Plantaginaceae
Platanthera dilatata,Sierra Bog Orchid,PH,Orchidaceae
Platanus racemosa,California or Western Sycamore,T,Platanaceae
Platystemon californicus,Cream Cups,AH,Papaveraceae
Poa bulbosa,Bulbous Bluegrass,PG,Poaceae
Poa pratensis,Kentucy Bluegrass,PG,Poaceae
Poa secunda,One-sided Bluegrass,PG,Poaceae
Pogogyne spp.,Mesamint,AH,Lamiaceae
Polygala cornuta,Milkwort,S,Polygalaceae
Polygonum aviculare ssp. depressum,"Common Knotweed, Doorweed",AH,Polygonaceae
Polypodium spp.,Polypody Fern,PF,Polypodiaceae
Polypogon monspeliensis,Rabbistsfoot or Annual Beardgrass,AG,Poaceae
Polystichum spp.,Sword Ferns,PF,Dryopteridaceae
Populus fremontii,Fremont Cottonwood,T,Salicaceae
Populus tremuloides,Quaking Aspen,T,Salicaceae
Populus trichocarpa,Black Cottonwood,T,Salicaceae
Portulaca oleracea,Common Purslane,AH,Portulacaceae
Primula  hendersonii,Henderson's Shooting-star,PH,Primulaceae
Primula  jeffreyi,Sierra Shooting-star,PH,Primulaceae
Prosopis glandulosa,Honey Mesquite,S/T,Fabaceae
Prunella vulgaris,Selfheal,PH,Lamiaceae
Prunus emarginata,Bitter Cherry,S,Rosaceae
Prunus ilicifolia,Hollyleaf Cherry,S,Rosaceae
Prunus virginiana,Western Chokecherry,S,Rosaceae
Pseudognaphalium bioletti,Bicolored Everlasting,A/BH,Asteraceae
Pseudognaphalium californicum,Green Everlasting,A/BH,Asteraceae
Pseudognaphalium luteoalbum,Cudweed Everlasting,AH,Asteraceae
Pseudognaphalium microcephalum,White Everlasting,AH,Asteraceae
Pseudognaphalium stramineum,"Western Everlasting, Cotton-batting",A/BH,Asteraceae
Pseudotsuga menziesii,Douglas-fir,T,Pinaceae
Psorothamnus spinosus,Smoke Tree,T,Fabaceae
Pteridium aquilinum,Western Brackenfern,PF,Dennstaedtiaceae
Pterospora andromedea,Pinedrops,PH,Ericaceae
Purshia tridentata,Bitterbrush,S,Rosaceae
Quercus agrifolia,Coast Live Oak,T,Fagaceae
Quercus berberidifolia,California Scrub Oak,S,Fagaceae
Quercus chrysolepis,Canyon Live or Goldencup Oak,T,Fagaceae
Quercus douglasii,Blue Oak,T,Fagaceae
Quercus garryana,Oregon White Oak,T,Fagaceae
Quercus john-tuckeri,"Tucker Oak, Desert Scrub Oak",S,Fagaceae
Quercus kelloggii,Black Oak,T,Fagaceae
Quercus lobata,Valley Oak,T,Fagaceae
Quercus vaccinifolia,Huckleberry Oak,S,Fagaceae
Quercus wislizeni,Interior Live Oak,T,Fagaceae
Rafinesquia californica,California Rafinesquia or Chicory,AH,Asteraceae
Ranunculus occidentalis,Western Buttercup,PH,Ranunculaceae
Raphanus sativus,Wild Radish,AH,Brassicaceae
Rhamnus crocea,Spiny Redberry,S,Rhamnaceae
Rhamnus ilicifolia,"Hollyleaf Redberry, Buckthorn",S,Rhamnaceae
Rhododendron columbianum,Western Labrador Tea,S,Ericaceae
Rhododendron macrophyllum,Coast Rhododendron,S,Ericaceae
Rhododendron occidentale,Western Azalea,S,Ericaceae
Rhus integrifolia,Lemonade Berry,S,Anacardiaceae
Ribes aureum,Golden Currant,S,Grossulariaceae
Ribes cereum,Wax Currant,S,Grossulariaceae
Ribes malvaceum,Chaparral Currant,S,Grossulariaceae
Ribes nevadense,Sierra Currant,S,Grossulariaceae
Ribes roezlii,Sierra Gooseberry,S,Grossulariaceae
Ricinus communis,Castor Bean,S,Euphorbiaceae
Robinia pseudoacacia,Black Locust,T,Fabaceae
Rosa californica,California Wild Rose,S,Rosaceae
Rosa gymnocarpa,Wood Rose,S,Rosaceae
Rubus armeniacus,Himalayan Blackberry,S,Rosaceae
Rubus parviflorus,Thimbleberry,S,Rosaceae
Rubus spectabilis,Salmonberry,S,Rosaceae
Rubus ursinus,Pacific Blackberry,S,Rosaceae
Rumex acetosella,Sheep Sorrel,PH,Polygonaceae
Rumex crispus,Curly Dock,PH,Polygonaceae
Salix spp.,Willows,S,Salicaceae
Salsola tragus,"Russian Thistle, Tumbleweed",AH,Chenopodiaceae
Saltugilia splendens,Splendid Woodland-gilia,AH,Polemoniaceae
Salvia apiana,White Sage,S,Lamiaceae
Salvia columbariae,Chia,AH,Lamiaceae
Salvia leucophylla,Purple Sage,S,Lamiaceae
Salvia mellifera,Black Sage,S,Lamiaceae
Salvia sonomensis,Sonoma Sage,S,Lamiaceae
Sambucus nigra ssp. caerulea,Blue Elderberry,S,Adoxaceae
Sambucus racemosa,Red Elderberry,S,Adoxaceae
Sanicula arguta,Southern California Sanicle,PH,Apiaceae
Sanicula bipinnatifida,Purple Sanicle,PH,Apiaceae
Sanicula crassicaulis,Pacific Sanicle,PH,Apiaceae
Schinus molle,Peruvian Pepper Tree,T,Anacardiaceae
Schinus terebinthifolius,Brazilian Pepper Tree,T,Anacardiaceae
Schoenoplectus americanus,American Bulrush,PG,Cyperaceae
Scrophularia californica,Calfornia Figwort,PH,Scrophulariaceae
Sedum spathulifolium,Pacific Stonecrop,PH,Crassulaceae
Senecio aronicoides,California Groundsel,PH,Asteraceae
Senecio flaccidus var. douglasii,Shrubby Butterweed,S,Asteraceae
Senecio triangularis,Arrowleaf Ragwort,PH,Asteraceae
Senecio vulgaris,Common Groundsel,AH,Asteraceae
Senegalia greggii,Catclaw,T,Fabaceae
Sequoia sempervirens,Coast Redwood,T,Cupressaceae
Sequoiadendron giganteum,"Big Tree, Giant Sequoia",T,Cupressaceae
Sidalcea spp.,"Checkerblooms, Globemallows",PH,Malvaceae
Silene gallica,Windmill Pink,AH,Caryophyllaceae
Silene laciniata,Mexican or Indian Pink,PH,Caryophyllaceae
Silybum marianum,Milk Thistle,AH,Asteraceae
Sisymbrium orientale,Eastern Mustard,AH,Brassicaceae
Sisyrinchium bellum,Blue-eyed Grass,PH,Iridaceae
Solanum douglasii,Douglas Nightshade,PH,Solanaceae
Solanum elaeagnifolium,Silverleaf Nightshade,S,Solanaceae
Solanum xanti,Chaparral Nightshade,S,Solanaceae
Sonchus asper,Prickly Sow-thistle,AH,Asteraceae
Sonchus oleraceus,Common Sow-thistle,AH,Asteraceae
Spartium junceum,Spanish Broom,S,Fabaceae
Stachys spp.,Hedge Nettles,PH,Lamiaceae
Stanleya pinnata,Desert Princesplume,PH/S,Brassicaceae
Stephanomeria virgata,Twiggy Wreath Plant,AH,Asteraceae
Stipa hymenoides,Indian Ricegrass,PG,Poaceae
Stipa miliacea,Smilo Grass,PG,Poaceae
Stipa pulchra,Purple Needlegrass,PG,Poaceae
Streptanthus tortuosus,Mountain Jewelflower,AH/PH,Brassicaceae
Suaeda nigra,Bush Seepweed,S,Chenopodiaceae
Suaeda taxifolia,Woolly Seablite,S,Chenopodiaceae
Tamarix spp.,Tamarisks,T/S,Tamaricaceae
Tauschia spp.,Tauschias,PH,Apiaceae
Taxus brevifolia,Pacific Yew,T,Taxaceae
Thermopsis californica,California False-lupine,PH,Fabaceae
Thysanocarpus spp.,Fringe & Lace Pods,AH,Brassicaceae
Torilis arvensis,Hedge Parsley,AH,Apiaceae
Toxicodendron diversilobum,Western Poison Oak,S/V,Anacardiaceae
Toxicoscordion  fremontii,Star Lily,PH,Melanthiaceae
Tribulus terrestris,Puncture Vine,AH,Zygophyllaceae
Trichostema lanatum,"Woolly Bluecurls, Romero",S,Lamiaceae
Trifolium spp.,Clovers,AH,Fabaceae
Triphysaria eriantha,Johnny-tuck,AH,Plantaginaceae
Triteleia hyacinthina,Wild Hyacinth,PH,Themidaceae
Triteleia laxa,"Grass Nuts, Ithuriel's spear",PH,Themidaceae
Tsuga mertensiana,Western Hemlock,T,Pinaceae
Typha spp.,Cattail,PH,Typhaceae
Umbellularia californica,California Bay,T,Lauraceae
Uropappus lindleyi,Silver Puffs,AH,Asteraceae
Urtica dioica ssp. holosericea,Hoary or Giant Stinging Nettle,PH,Urticaceae
Vaccinium ovatum,Evergreen Huckleberry,S,Ericaceae
Vaccinium parvifolium,Red Huckleberry,S,Ericaceae
Veratrum californicum,California Corn-lily,PH,Melanthiaceae
Verbascum thapsus,Woolly Mullein,BH,Scrophulariaceae
Verbena lasiostachys,Western Verbena,AH,Verbenaceae
Veronica anagallis-aquatica,Water or Common Speedwell,PH,Plantaginaceae
Veronica peregrina ssp. xalapensis,Purslane Speedwell,AH,Plantaginaceae
Vicia sativa,Common Vetch,AH,Fabaceae
Vicia villosa,Winter/Hairy Vetch,AH,Fabaceae
Viola purpurea,Goosefoot Violet,PH,Violaceae
Vitis californica,California Wild Grape,PV,Vitaceae
Vulpia  spp.,Fescue,AG,Poaceae
Washingtonia robusta,Mexican Fan Palm,T,Arecaceae
Woodwardia fimbriata,Giant Chain Fern,PF,Blechnaceae
Wyethia ssp.,Mule Ears,PH,Asteraceae
Xanthium spp.,Spiny or Spring Clotbur,AH,Asteraceae
Yucca brevifolia,Joshua Tree,T,Agavaceae
