Species,Family,Habit,CommonName
Abies concolor,Pinaceae,T,California White Fir
Abies magnifica,Pinaceae,T,Red Fir
Abronia,Nyctaginaceae,PH,Sand-verbena
Acacia dealbata,Fabaceae,S/T,Silver Wattle
Acer glabrum,Sapindaceae,S,Rocky Mountain Maple
Acer macrophyllum,Sapindaceae,T,Bigleaf Maple
Acer negundo,Sapindaceae,S/T,Box Elder
Achillea millefolium,Asteraceae,PH,White Yarrow
Achyrachaena mollis,Asteraceae,AH,Blow-Wives
Acmispon,Fabaceae,AH/PH,Lotus or Hosackia species
Aconitum columbianum,Ranunculaceae,PH,Monkshood
Acourtia microcephala,Asteraceae,PH,Sacapellote
Adenostoma fasciculatum,Rosaceae,S,Chamise
Adiantum aleuticum,Pteridaceae,PF,Five-finger Maidenhair
Adiantum jordanii,Pteridaceae,PF,California Maidenhair
Aegilops,Poaceae,AG,Goatgrass
Aesculus californica,Sapindaceae,S/T,California Buckeye
Agave deserti,Agavaceae,P,Desert Agave
Agoseris retrorsa,Asteraceae,PH,Spear-leaved Mountain Dandelion
Ailanthus altissima,Simaroubaceae,T,Tree of Heaven
Allenrolfea occidentalis,Chenopodiaceae,S,Iodine Bush
Allium,Alliaceae,PG,Onions
Allophyllum glutinosum,Polemoniaceae,AH,Sticky Allophyllum
Alnus rhombifolia,Betulaceae,T,White Alder
Amaranthus,Amaranthaceae,AH,"Amaranths, Pigweeds"
Ambrosia acanthicarpa,Asteraceae,AH,"Burweed, Annual Bur-sage"
Ambrosia chamissonis,Asteraceae,PH/S,Beach Bur
Ambrosia salsola,Asteraceae,S,Burrobrush
Ammophila arenaria,Poaceae,PG,European Beachgrass
Amorpha californica,Fabaceae,S,California False Indigo
Amsinckia,Boraginaceae,AH,Fiddlenecks
Anemopsis californica,Saururaceae,PH,Yerba Mansa
Antirrhinum multiflorum,Plantaginaceae,S,Sticky Snapdragon
Apiastrum angustifolium,Apiaceae,AH,"Wild Celery, Mock Parsley"
Apium graveolens,Apiaceae,PH,Celery
Apocynum androsaemifolium,Apocynaceae,PH,Bitter Dogbane
Apocynum cannabinum,Apocynaceae,PH,Indian Hemp
Aquilegia formosa,Ranunculaceae,PH,Western Columbine
Arbutus menziesii,Ericaceae,T,Pacific Madrone
Arceuthobium campylopodum,Viscaceae,PH,Western Dwarf Mistletoe
Arctostaphylos,Ericaceae,S,Manzanitas
Argemone munita,Papaveraceae,AH,"Prickly Poppy, Chicalote"
Artemisia californica,Asteraceae,S,California Sagebrush
Artemisia douglasiana,Asteraceae,PH,Mugwort
Artemisia dracunculus,Asteraceae,PH,"Tarragon, Dragon Tarragon"
Artemisia tridentata,Asteraceae,S,Great Basin Sagebrush
Arundo donax,Poaceae,PG,Giant Reed
Asclepias,Apocynaceae,PH,Milkweeds
Aspidotis densa,Pteridaceae,PF,Lace Fern
Astragalus,Fabaceae,AH,"Milkvetches, Locoweeds,"
Athyrium filix-femina,Woodsiaceae,PF,Lady Fern
Athysanus pusillus,Brassicaceae,AH,Athysanus
Atriplex canescens,Chenopodiaceae,S,Fourwing or Hoary Saltbush
Atriplex semibaccata,Chenopodiaceae,PH,Australian Saltbush
Avena,Poaceae,AG,Oats
Azolla filiculoides,Azollaceae,AF,Duckweed Fern
Baccharis pilularis,Asteraceae,S,Coyote Brush
Baccharis salicifolia,Asteraceae,S,"Mulefat, Seep-willow, Water-wally"
Barbarea orthoceras,Brassicaceae,PH,American Rocket
Berberis aquifolium,Berberidaceae,S,Oregon-grape
Blennosperma nanum,Asteraceae,AH,Common Stickyseed
Bloomeria crocea,Themidaceae,PG,Goldenstars
Boechera,Brassicaceae,PH,Rock Cresses
Brassica nigra,Brassicaceae,AH,Black Mustard
Brickellia californica,Asteraceae,S,California Brickellbush
Briza,Poaceae,AG,Quaking Grasses
Brodiaea,Themidaceae,PG,Brodiaeas
Bromus carinatus,Poaceae,PG,California Brome
Bromus diandrus,Poaceae,AG,Ripgut Grass
Bromus hordeaceus,Poaceae,AG,Soft Chess
Bromus tectorum,Poaceae,AG,"Downy Brome, Cheat Grass"
Cakile maritima,Brassicaceae,AH,Sea Rocket
Calandrinia ciliata,Montiaceae,AH,Redmaids
Calocedrus decurrens,Cupressaceae,T,Incense-cedar
Calochortus,Liliaceae,PG,Mariposa Lilies
Calycanthus occidentalis,Calycanthaceae,S,Spicebush
Calyptridium monandrum,Montiaceae,AH,"Common Calyptridium, Sand Cress"
Calyptridium umbellatum,Montiaceae,AH,Pussy Paws
Calystegia,Convolvulaceae,PV,Morning-glorys
Camissonia campestris,Onagraceae,AH,Mojave Sun-cup
Camissoniopsis cheiranthifolia,Onagraceae,PH,Beach Primrose
Camissoniopsis hirtella,Onagraceae,AH,Small-haired Primrose
Capsella bursa-pastoris,Brassicaceae,AH,Shepherd's Purse
Carduus pycnocephalus,Asteraceae,AH,Italian Thistle
Carex,Cyperaceae,PG,Sedges
Carpobrotus,Aizoaceae,PH/S,Sea Fig & Hottentot Fig
Castilleja affinis,Orobanchaceae,PH,Lay-and-Collie’s Indian Paintbrush
Castilleja exserta,Orobanchaceae,AH,Purple Owl’s Clover
Castilleja miniata,Orobanchaceae,PH,Great Red Paintbrush
Castilleja subinclusa,Orobanchaceae,PH,Long-leaved Indian Paintbrush
Caulanthus inflatus,Brassicaceae,AH,Desert Candle
Ceanothus,Rhamnaceae,S,Ceanothus
Centaurea melitensis,Asteraceae,AH,"Tocalote, Napa Thistle"
Centaurea solstitialis,Asteraceae,AH,Yellow Star-thistle
Centromadia pungens,Asteraceae,AH,Common Spikeweed
Cephalanthus occidentalis,Rubiaceae,S,Button Willow
Cercis occidentalis,Fabaceae,S/T,Western Redbud
Cercocarpus betuloides,Rosaceae,S,Birchleaf Mountain Mahogany
Cercocarpus ledifolius,Rosaceae,S,Curl Leaf Mountain Mahogany
Chamaebatia foliolosa,Rosaceae,S,Mountain Misery
Chamaesyce albomarginata,Euphorbiaceae,AH,Rattlesnake Spurge
Chamerion angustifolium,Onagraceae,PH,Fireweed
Chenopodium album,Chenopodiaceae,AH,"Lamb’s Quarters, Pigweed"
Chenopodium californicum,Chenopodiaceae,PH,"California Goosefoot, Soap Plant"
Chenopodium murale,Chenopodiaceae,AH,Nettle-leaved Goosefoot
Chlorogalum pomeridianum,Agavaceae,PG,Soap Lily/Plant
Chrysolepis chrysophylla,Fagaceae,T,Giant Chinquapin
Chrysolepis sempervirens,Fagaceae,S,Bush Chinquapin
Cirsium arvense,Asteraceae,BH,Canada Thistle
Cirsium occidentale,Asteraceae,BH,California Thistle
Cirsium vulgare,Asteraceae,BH,Bull Thistle
Clarkia,Onagraceae,AH,Clarkia
Claytonia parviflora,Montiaceae,AH,Small-flowered Miner's Lettuce
Claytonia perfoliata,Montiaceae,AH,Miner's Lettuce
Clematis lasiantha,Ranunculaceae,PV,Pipestem Clematis
Clematis ligusticifolia,Ranunculaceae,PV,"Virgin’s Bower, Old Man’s Beard"
Collinsia heterophylla,Plantaginaceae,AH,Chinese Houses
Collomia grandiflora,Plantaginaceae,AH,Large-flowered Collomia
Conium maculatum,Apiaceae,AH,Poison-hemlock
Convolvulus arvensis,Convolvulaceae,PV,Bindweed
Conyza canadensis,Asteraceae,AH,Common Horseweed
Corallorhiza maculata,Orchidaceae,PH,Spotted Coralroot
Cordylanthus rigidus,Orobanchaceae,AH,Rigid Birds-beak
Corethrogyne filaginifolia,Asteraceae,PH,California Cudweed-aster
Cornus nuttallii,Cornaceae,T,Western Dogwood
Cornus sericea,Cornaceae,S,Creek Dogwood
Corylus cornuta,Betulaceae,S,Beaked Hazelnut
Crassula connata,Crassulaceae,AH,Pygmy [Sand-]Weed
Croton californicus,Euphorbiaceae,PH,California Croton
Cryptantha,Boraginaceae,AH,Forget-Me-Nots
Cucurbita foetidissima,Cucurbitaceae,PV,Calabazilla
Cuscuta californica,Convolvulaceae,AV,California Dodder
Cylindropuntia bigelovii,Cactaceae,S,Teddybear Cholla
Cynara cardunculus,Asteraceae,PH,Artichoke Thistle
Cynodon dactylon,Poaceae,PG,Bermuda Grass
Cynoglossum grande,Boraginaceae,PH,Hound's Tongue
Cyperus eragrostis,Cyperaceae,PG,Umbrella-sedge
Cytisus scoparius,Fabaceae,S,Scotch Broom
Darlingtonia californica,Sarraceniaceae,PH,California Pitcher Plant
Datisca glomerata,Datiscaceae,PH,Durango Root
Datura wrightii,Solanaceae,AH,Jimson Weed
Daucus pusillus,Apiaceae,AH,Southwestern Carrot
Deinandra fasciculata,Asteraceae,AH,Fasciculed Tarplant
Delphinium cardinale,Ranunculaceae,PH,Scarlet or Cardinal Larkspur
Delphinium nudicaule,Ranunculaceae,PH,Canyon Larkspur
Delphinium parishii,Ranunculaceae,PH,Pale-flowered Larkspur
Delphinium parryi,Ranunculaceae,PH,Parry Larkspur
Dendromecon rigida,Papaveraceae,S,Bush Poppy
Dicentra formosa,Papaveraceae,PH,Bleeding Heart
Dichelostemma capitatum,Themidaceae,PG,Blue Dicks
Diplacus aurantiacus,Phrymaceae,S,Bush Monkeyflower
Diplacus calycinus,Phrymaceae,S,Fuzzy Bush Monkeyflower
Diplacus longiflorus,Phrymaceae,S,Sticky Bush Monkeyflower
Dipsacus fullonum,Dipsacaceae,BH,Teasel
Distichlis spicata,Poaceae,PG,Saltgrass
Dittrichia graveolens,Asteraceae,PH,Stinkwort
Drymocallis glandulosa,Rosaceae,PH,Sticky Cinquifoil
Dryopteris arguta,Dryopteridaceae,PF,Coastal or Marginal Wood Fern
Dudleya cymosa,Crassulaceae,PH,Canyon Live-forever
Dudleya pulverulenta,Crassulaceae,PH,Chalky Live-forever
Ehrendorferia chrysantha,Fumariaceae,PH,Golden Eardrops
Eleocharis macrostachya,Cyperaceae,PG,Common Spikerush
Eleocharis parishii,Cyperaceae,PG,Parish Spikerush
Elymus caput-medusae,Poaceae,PG,Medusa Head
Elymus condensatus,Poaceae,PG,Giant Wildrye
Elymus elymoides,Poaceae,PG,Bottlebrush Squirreltail
Elymus glaucus,Poaceae,PG,Blue or Woodland Wildrye
Elymus triticoides,Poaceae,PG,Creeping Wildrye
Emmenanthe penduliflora,Boraginaceae,AH,Whispering Bells
Encelia californica,Asteraceae,S,California Bush Sunflower
Ephedra viridis,Ephedraceae,S,Green Ephedra or Mormon-tea
Epilobium canum,Onagraceae,PH,California Fuchsia
Epilobium ciliatum,Onagraceae,AH,Northern Willow-herb
Epipactis gigantea,Orchidaceae,PH,Stream Orchid
Equisetum arvense,Equisetaceae,PF,Common Horsetail Rush
Equisetum laevigatum,Equisetaceae,PF,Smooth Scouring-Rush
Eremalche rotundifolia,Malvaceae,AH,Desert Five-spot
Eremocarpus setiger,Euphorbiaceae,AH,"Dove Weed, Turkey Mullein"
Eriastrum signatum,Polemoniaceae,AH,Maroon-spotted Woolly Star
Ericameria bloomeri,Asteraceae,S,Bloomer's Goldenbush
Ericameria linearifolia,Asteraceae,S,"Interior Goldenbush, Stenotopsis"
Ericameria nauseosa,Asteraceae,S,Rubber Rabbitbrush
Erigeron foliosus,Asteraceae,PH,Leafy Fleabane or Daisy
Eriodictyon californicum,Boraginaceae,S,California Yerba Santa
Eriodictyon crassifolium,Boraginaceae,S,Thickleaf Yerba Santa
Eriogonum,Polygonaceae,AH,annual buckwheat species
Eriogonum cinereum,Polygonaceae,S,Ash or Gray Coast Buckwheat
Eriogonum elongatum,Polygonaceae,PH,Long-stemmed Buckwheat
Eriogonum fasciculatum,Polygonaceae,S,Leafy California Buckwheat
Eriogonum nudum,Polygonaceae,PH,Barestem Buckwheat
Eriogonum parvifolium,Polygonaceae,S,Dune Buckwheat
Eriogonum umbellatum,Polygonaceae,S,Munz Yellow Buckwheat
Eriophyllum confertiflorum,Asteraceae,PH,Golden Yarrow
Eriophyllum lanatum,Asteraceae,PH,Woolly Sunflower
Erodium botrys,Geraniaceae,AH,Broadleaf Filaree
Erodium cicutarium,Geraniaceae,AH,Redstem Filaree
Eryngium,Apiaceae,PH,Coyote Thistle
Erysimum capitatum,Brassicaceae,AH/BH,Western Wallflower
Erythranthe guttata,Phrymaceae,A/PH,Common Streamside Monkeyflower
Erythronium,Liliaceae,PG,Fawn Lily
Eschscholzia californica,Papaveraceae,AH,California Poppy
Eucalyptus camaldulensis,Myrtaceae,T,River Red Gum
Eucalyptus globulus,Myrtaceae,T,Tasmanian Blue Gum
Euphorbia,Euphorbiaceae,PH,Spurges
Euthamia occidentalis,Asteraceae,PH,Western Goldenrod
Extriplex californica,Chenopodiaceae,S,California Orach
Festuca arundinacea,Poaceae,PG,Tall Fescue
Festuca californica,Poaceae,PG,California Fescue
Festuca idahoensis,Poaceae,PG,Blue Fescue
Festuca rubra,Poaceae,PG,Red Fescue
Ficus carica,Moraceae,T/S,Common Fig
Foeniculum vulgare,Apiaceae,PH,Sweet Fennel
Frankenia salina,Frankeniaceae,PH,Alkali Heath
Fraxinus dipetala,Oleaceae,T,California Flowering Ash
Fraxinus latifolia,Oleaceae,T,Oregon Ash
Fremontodendron californicum,Malvaceae,S,California Flannel Bush
Fritillaria,Liliaceae,PG,Fritillaria
Galium,Rubiaceae,S,Bedstraws
Galium andrewsii,Rubiaceae,PH,"Pine Mat, Phlox-leaved Bedstraw"
Galium aparine,Rubiaceae,AH,Goosegrass
Garrya,Garryaceae,S,Silk-tassel Bushes
Gaultheria shallon,Ericaceae,S,Salal
Gayophytum diffusum,Onagraceae,AH,Diffuse Gayophytum
Genista monspessulana,Fabaceae,S,French Broom
Gilia ochroleuca,Polemoniaceae,AH,Desert Gilia
Gilia tricolor,Polemoniaceae,AH,Bird's Eye Gilia
Gnaphalium palustre,Asteraceae,AH,Lowland Cudweed
Hazardia squarrosa,Asteraceae,S,Sawtooth Goldenbush
Hedera,Araliaceae,PV,Ivy
Helenium bigelovii,Asteraceae,PH,Sneezeweed
Helianthus annuus,Asteraceae,AH,Common Sunflower
Helminthotheca echioides,Asteraceae,AH,Bristly Ox-tongue
Heracleum maximum,Apiaceae,PH,Cowparsnip
Hesperocyparis,Cupressaceae,T,Cypress
Hesperoyucca whipplei,Agavaceae,S,Our Lord’s Candle
Heteromeles arbutifolia,Rosaceae,S,"Toyon, Christmas Holly,"
Heterotheca grandiflora,Asteraceae,PH,Telegraph Weed
Heterotheca sessiliflora,Asteraceae,PH,Hairy Goldenaster
Heuchera micrantha,Saxifragaceae,PH,Crevice Alumroot
Hirschfeldia incana,Brassicaceae,PH,Summer Mustard
Holocarpha virgata,Asteraceae,AH,Common Tarweed
Holodiscus discolor,Rosaceae,S,Cream Bush
Hordeum marinum,Poaceae,AG,Mediterranean Barley
Hordeum murinum,Poaceae,AG,Summer Barley
Hypericum perforatum,Hypericaceae,PH,St. John's Wort
Ipomopsis aggregata,Polemoniaceae,PH,Scarlet Gilia
Iris douglasiana,Iridaceae,PG,Douglas Iris
Iris macrosiphon,Iridaceae,PG,Ground Iris
Iris missouriensis,Iridaceae,PG,Missouri Iris
Iris pseudacorus,Iridaceae,PG,Iris
Isocoma menziesii,Asteraceae,S,Coastal Goldenbush
Juglans californica,Juglandaceae,T,Southern California Black Walnut
Juglans hindsii,Juglandaceae,T,Northern California Black Walnut
Juncus balticus,Juncaceae,PG,Baltic Rush
Juncus bufonius,Juncaceae,AG,Common Toad Rush
Juncus mexicanus,Juncaceae,PG,"Mexican Rush, Wire Grass"
Juncus xiphioides,Juncaceae,PG,Iris-leaved Rush
Juniperus californica,Cupressaceae,S,California Juniper
Juniperus occidentalis,Cupressaceae,S,Western Juniper
Kalmia polifolia,Ericaceae,S,Mountain Laurel
Keckiella,Plantaginaceae,S,Bush Penstemons
Koeleria macrantha,Poaceae,PG,Junegrass
Lactuca serriola,Asteraceae,AH,Prickly Wild Lettuce
Lamarckia aurea,Poaceae,AG,Goldentop
Larrea tridentata,Zygophyllaceae,S,Creosote Bush
Lasthenia,Asteraceae,AH,Goldfields
Lathyrus latifolius,Fabaceae,PV,Everlasting Pea
Lathyrus sulphureus,Fabaceae,PV,Snub Pea
Lathyrus vestitus,Fabaceae,PV,Pacific Peavine
Layia glandulosa,Asteraceae,AH,White Layia
Lepidospartum squamatum,Asteraceae,S,Scalebroom
Leptosiphon aureus,Polemoniaceae,AH,Desert Gold
Leptosiphon parviflorus,Polemoniaceae,AH,Yellow Linanthus
Leptosyne bigelovii,Asteraceae,AH,Bigelow Coreopsis
Lilium humboldtii,Liliaceae,PG,Humboldt Lily
Lilium pardalinum,Liliaceae,PG,Leopard Lily
Limnanthes alba,Limnanthaceae,AH,White Meadowfoam
Linanthus pungens,Polemoniaceae,S,Granite Prickly Phlox
Linaria dalmatica,Linaceae,PH,Dalmatian Toadflax
Lolium multiflorum,Poaceae,AG,Italian Ryegrass
Lomatium dasycarpum,Apiaceae,PH,Hog Fennel
Lonicera interrupta,Caprifoliaceae,PV,Chaparral Honeysuckle
Lonicera involucrata,Caprifoliaceae,S,Twinberry Honeysuckle
Lonicera subspicata,Caprifoliaceae,S,Southern or San Diego
Lupinus,Fabaceae,S,Lupines
Lysimachia arvensis,Myrsinaceae,AH,Scarlet Pimpernel
Lythrum hyssopifolia,Lythraceae,PH,Hyssop Loosestrife
Lythrum salicaria,Lythraceae,PH,Purple Loosestrife
Madia elegans,Asteraceae,AH,Common Tarplant or Madia
Maianthemum racemosum,Ruscaceae,PH,False Solomon Seal
Malacothamnus,Malvaceae,S,Bushmallows
Malacothrix coulteri,Asteraceae,AH,Snake Heads
Malacothrix saxatilis,Asteraceae,PH,Tenuated Cliff-aster
Malosma laurina,Anacardiaceae,S,Laurelleaf Sumac
Malva parviflora,Malvaceae,AH,Cheeseweed
Marah fabacea,Cucurbitaceae,PV,California Man-root
Marrubium vulgare,Lamiaceae,S,White Horehound
Marsilea vestita,Marsileaceae,PF,Hairy Waterclover
Matricaria discoidea,Asteraceae,AH,Pineappleweed
Medicago polymorpha,Fabaceae,AH,Common Burclover
Melica californica,Poaceae,PG,California Melic Grass
Melica imperfecta,Poaceae,PG,Coast Melic Grass
Melilotus alba,Fabaceae,A/BH,White Sweetclover
Melilotus indica,Fabaceae,AH,"Sourclover, Yellow Sweetclover"
Mentzelia laevicaulis,Loasaceae,PH,Blazing Star
Mesembryanthemum nodiflorum,Aizoaceae,AH,Slenderleaf Iceplant
Minuartia douglasii,Caryophyllaceae,AH,Douglas Sandwort
Monardella,Lamiaceae,A/PH,Coyote Mint
Morella californica,Myricaceae,T/S,California Myrtle
Nasturtium officinale,Brassicaceae,PH,Water Cress
Nemophila maculata,Hydrophyllaceae,AH,Five Spot
Nemophila menziesii,Hydrophyllaceae,AH,Baby Blue-eyes
Nicotiana glauca,Solanaceae,S,Tree Tobacco
Notholithocarpus densiflorus,Fagaceae,ST,Tanoak
Oemleria cerasiformis,Rosaceae,S,Oso Berry
Opuntia basilaris,Cactaceae,S,Beavertail Cactus
Opuntia littoralis,Cactaceae,S,Coastal Prickly Pear
Orobanche fasciculata,Orobanchaceae,PH,Clustered Broom-rape
Oxalis oregana,Oxalidaceae,PH,Redwood Sorrel
Oxalis pes-caprae,Oxalidaceae,PH,Bermuda Buttercup
Pectocarya setosa,Boraginaceae,AH,Setose Pectocarya
Pedicularis densiflora,Orobanchaceae,PH,Indian Warrior
Pellaea andromedifolia,Pteridaceae,PF,Coffee Fern
Pellaea mucronata,Pteridaceae,PF,Birdsfoot Cliffbrake or Fern
Pennisetum setaceum,Poaceae,PG,African Fountain Grass
Penstemon centranthifolius,Plantaginaceae,PH,Scarlet Bugler
Penstemon heterophyllus,Plantaginaceae,PH,Mountain Penstemon
Pentagramma triangularis,Pteridaceae,PF,Goldenback Fern
Peritoma arborea,Cleomaceae,S,Bladderpod
Phacelia,Boraginaceae,AH,Phacelias
Pickeringia montana,Fabaceae,S,Chaparral Pea
Pinus attenuata,Pinaceae,T,Knobcone Pine
Pinus contorta,Pinaceae,T,"Lodgepole Pine, Beach Pine"
Pinus jeffreyi,Pinaceae,T,Jeffrey Pine
Pinus lambertiana,Pinaceae,T,Sugar Pine
Pinus monophylla,Pinaceae,T,Singleleaf Pinyon Pine
Pinus ponderosa,Pinaceae,T,Ponderosa Pine
Pinus radiata,Pinaceae,T,Monterey Pine
Pinus sabiniana,Pinaceae,T,Gray or Foothill Pine
Plantago erecta,Plantaginaceae,AH,California Plantain
Plantago lanceolata,Plantaginaceae,PH,Narrowleaf or English Plantain
Plantago major,Plantaginaceae,PH,Broadleaf Plantain
Platanthera dilatata,Orchidaceae,PH,Sierra Bog Orchid
Platanus racemosa,Platanaceae,T,California or Western Sycamore
Platystemon californicus,Papaveraceae,AH,Cream Cups
Poa bulbosa,Poaceae,PG,Bulbous Bluegrass
Poa pratensis,Poaceae,PG,Kentucy Bluegrass
Poa secunda,Poaceae,PG,One-sided Bluegrass
Pogogyne,Lamiaceae,AH,Mesamint
Polygala cornuta,Polygalaceae,S,Milkwort
Polypodium,Polypodiaceae,PF,Polypody Fern
Polypogon monspeliensis,Poaceae,AG,Rabbistsfoot or Annual Beardgrass
Polystichum,Dryopteridaceae,PF,Sword Ferns
Populus fremontii,Salicaceae,T,Fremont Cottonwood
Populus tremuloides,Salicaceae,T,Quaking Aspen
Populus trichocarpa,Salicaceae,T,Black Cottonwood
Portulaca oleracea,Portulacaceae,AH,Common Purslane
Primula hendersonii,Primulaceae,PH,Henderson's Shooting-star
Primula jeffreyi,Primulaceae,PH,Sierra Shooting-star
Prosopis glandulosa,Fabaceae,S/T,Honey Mesquite
Prunella vulgaris,Lamiaceae,PH,Selfheal
Prunus emarginata,Rosaceae,S,Bitter Cherry
Prunus ilicifolia,Rosaceae,S,Hollyleaf Cherry
Prunus virginiana,Rosaceae,S,Western Chokecherry
Pseudognaphalium californicum,Asteraceae,A/BH,Green Everlasting
Pseudognaphalium luteoalbum,Asteraceae,AH,Cudweed Everlasting
Pseudognaphalium microcephalum,Asteraceae,AH,White Everlasting
Pseudognaphalium stramineum,Asteraceae,A/BH,"Western Everlasting, Cotton-batting"
Pseudotsuga menziesii,Pinaceae,T,Douglas-fir
Psorothamnus spinosus,Fabaceae,T,Smoke Tree
Pteridium aquilinum,Dennstaedtiaceae,PF,Western Brackenfern
Pterospora andromedea,Ericaceae,PH,Pinedrops
Purshia tridentata,Rosaceae,S,Bitterbrush
Quercus agrifolia,Fagaceae,T,Coast Live Oak
Quercus berberidifolia,Fagaceae,S,California Scrub Oak
Quercus chrysolepis,Fagaceae,T,Canyon Live or Goldencup Oak
Quercus douglasii,Fagaceae,T,Blue Oak
Quercus garryana,Fagaceae,T,Oregon White Oak
Quercus john-tuckeri,Fagaceae,S,"Tucker Oak, Desert Scrub Oak"
Quercus kelloggii,Fagaceae,T,Black Oak
Quercus lobata,Fagaceae,T,Valley Oak
Quercus vaccinifolia,Fagaceae,S,Huckleberry Oak
Quercus wislizeni,Fagaceae,T,Interior Live Oak
Rafinesquia californica,Asteraceae,AH,California Rafinesquia or Chicory
Ranunculus occidentalis,Ranunculaceae,PH,Western Buttercup
Raphanus sativus,Brassicaceae,AH,Wild Radish
Rhamnus crocea,Rhamnaceae,S,Spiny Redberry
Rhamnus ilicifolia,Rhamnaceae,S,"Hollyleaf Redberry, Buckthorn"
Rhododendron columbianum,Ericaceae,S,Western Labrador Tea
Rhododendron macrophyllum,Ericaceae,S,Coast Rhododendron
Rhododendron occidentale,Ericaceae,S,Western Azalea
Rhus integrifolia,Anacardiaceae,S,Lemonade Berry
Ribes aureum,Grossulariaceae,S,Golden Currant
Ribes cereum,Grossulariaceae,S,Wax Currant
Ribes malvaceum,Grossulariaceae,S,Chaparral Currant
Ribes nevadense,Grossulariaceae,S,Sierra Currant
Ribes roezlii,Grossulariaceae,S,Sierra Gooseberry
Ricinus communis,Euphorbiaceae,S,Castor Bean
Robinia pseudoacacia,Fabaceae,T,Black Locust
Rosa californica,Rosaceae,S,California Wild Rose
Rosa gymnocarpa,Rosaceae,S,Wood Rose
Rubus armeniacus,Rosaceae,S,Himalayan Blackberry
Rubus parviflorus,Rosaceae,S,Thimbleberry
Rubus spectabilis,Rosaceae,S,Salmonberry
Rubus ursinus,Rosaceae,S,Pacific Blackberry
Rumex acetosella,Polygonaceae,PH,Sheep Sorrel
Rumex crispus,Polygonaceae,PH,Curly Dock
Salix,Salicaceae,S,Willows
Salsola tragus,Chenopodiaceae,AH,"Russian Thistle, Tumbleweed"
Saltugilia splendens,Polemoniaceae,AH,Splendid Woodland-gilia
Salvia apiana,Lamiaceae,S,White Sage
Salvia columbariae,Lamiaceae,AH,Chia
Salvia leucophylla,Lamiaceae,S,Purple Sage
Salvia mellifera,Lamiaceae,S,Black Sage
Salvia sonomensis,Lamiaceae,S,Sonoma Sage
Sambucus racemosa,Adoxaceae,S,Red Elderberry
Sanicula arguta,Apiaceae,PH,Southern California Sanicle
Sanicula bipinnatifida,Apiaceae,PH,Purple Sanicle
Sanicula crassicaulis,Apiaceae,PH,Pacific Sanicle
Schinus molle,Anacardiaceae,T,Peruvian Pepper Tree
Schinus terebinthifolius,Anacardiaceae,T,Brazilian Pepper Tree
Schoenoplectus americanus,Cyperaceae,PG,American Bulrush
Scrophularia californica,Scrophulariaceae,PH,Calfornia Figwort
Sedum spathulifolium,Crassulaceae,PH,Pacific Stonecrop
Senecio aronicoides,Asteraceae,PH,California Groundsel
Senecio triangularis,Asteraceae,PH,Arrowleaf Ragwort
Senecio vulgaris,Asteraceae,AH,Common Groundsel
Senegalia greggii,Fabaceae,T,Catclaw
Sequoia sempervirens,Cupressaceae,T,Coast Redwood
Sequoiadendron giganteum,Cupressaceae,T,"Big Tree, Giant Sequoia"
Sidalcea,Malvaceae,PH,"Checkerblooms, Globemallows"
Silene gallica,Caryophyllaceae,AH,Windmill Pink
Silene laciniata,Caryophyllaceae,PH,Mexican or Indian Pink
Silybum marianum,Asteraceae,AH,Milk Thistle
Sisymbrium orientale,Brassicaceae,AH,Eastern Mustard
Sisyrinchium bellum,Iridaceae,PH,Blue-eyed Grass
Solanum douglasii,Solanaceae,PH,Douglas Nightshade
Solanum elaeagnifolium,Solanaceae,S,Silverleaf Nightshade
Solanum xanti,Solanaceae,S,Chaparral Nightshade
Sonchus asper,Asteraceae,AH,Prickly Sow-thistle
Sonchus oleraceus,Asteraceae,AH,Common Sow-thistle
Spartium junceum,Fabaceae,S,Spanish Broom
Stachys,Lamiaceae,PH,Hedge Nettles
Stanleya pinnata,Brassicaceae,PH/S,Desert Princesplume
Stephanomeria virgata,Asteraceae,AH,Twiggy Wreath Plant
Stipa hymenoides,Poaceae,PG,Indian Ricegrass
Stipa miliacea,Poaceae,PG,Smilo Grass
Stipa pulchra,Poaceae,PG,Purple Needlegrass
Streptanthus tortuosus,Brassicaceae,AH/PH,Mountain Jewelflower
Suaeda nigra,Chenopodiaceae,S,Bush Seepweed
Suaeda taxifolia,Chenopodiaceae,S,Woolly Seablite
Tamarix,Tamaricaceae,T/S,Tamarisks
Tauschia,Apiaceae,PH,Tauschias
Taxus brevifolia,Taxaceae,T,Pacific Yew
Thermopsis californica,Fabaceae,PH,California False-lupine
Thysanocarpus,Brassicaceae,AH,Fringe & Lace Pods
Torilis arvensis,Apiaceae,AH,Hedge Parsley
Toxicodendron diversilobum,Anacardiaceae,S/V,Western Poison Oak
Toxicoscordion fremontii,Melanthiaceae,PH,Star Lily
Tribulus terrestris,Zygophyllaceae,AH,Puncture Vine
Trichostema lanatum,Lamiaceae,S,"Woolly Bluecurls, Romero"
Trifolium,Fabaceae,AH,Clovers
Triphysaria eriantha,Plantaginaceae,AH,Johnny-tuck
Triteleia hyacinthina,Themidaceae,PH,Wild Hyacinth
Triteleia laxa,Themidaceae,PH,"Grass Nuts, Ithuriel's spear"
Tsuga mertensiana,Pinaceae,T,Western Hemlock
Typha,Typhaceae,PH,Cattail
Umbellularia californica,Lauraceae,T,California Bay
Uropappus lindleyi,Asteraceae,AH,Silver Puffs
Vaccinium ovatum,Ericaceae,S,Evergreen Huckleberry
Vaccinium parvifolium,Ericaceae,S,Red Huckleberry
Veratrum californicum,Melanthiaceae,PH,California Corn-lily
Verbascum thapsus,Scrophulariaceae,BH,Woolly Mullein
Verbena lasiostachys,Verbenaceae,AH,Western Verbena
Veronica anagallis-aquatica,Plantaginaceae,PH,Water or Common Speedwell
Vicia sativa,Fabaceae,AH,Common Vetch
Vicia villosa,Fabaceae,AH,Winter/Hairy Vetch
Viola purpurea,Violaceae,PH,Goosefoot Violet
Vitis californica,Vitaceae,PV,California Wild Grape
Vulpia,Poaceae,AG,Fescue
Washingtonia robusta,Arecaceae,T,Mexican Fan Palm
Woodwardia fimbriata,Blechnaceae,PF,Giant Chain Fern
Xanthium,Asteraceae,AH,Spiny or Spring Clotbur
Yucca brevifolia,Agavaceae,T,Joshua Tree
